{
  "Latitude": 36.89503580612636,
  "Longitude": 10.181201276616836
}