{
  "Latitude": 36.81961044492401,
  "Longitude": 10.187771581502506
}