{
  "Latitude": 36.89572701899507,
  "Longitude": 10.180751730070707
}